Workbook
Name Slicer_Age_Group: #N/A
Name Slicer_Family_Group: #N/A
Name Slicer_Fare_Category: #N/A
Name Slicer_Passenger_Class: #N/A
Name Slicer_Sex: #N/A

Sheet RawData
A1: PassengerId | B1: Survived | C1: Pclass | D1: Name | E1: Sex | F1: Age | G1: SibSp | H1: Parch | I1: Ticket | J1: Fare
A2: 1 | B2: 0 | C2: 3 | D2: Braund, Mr. Owen Harris | E2: male | F2: 22 | G2: 1 | H2: 0 | I2: A/5 21171 | J2: 7.25
A3: 2 | B3: 1 | C3: 1 | D3: Cumings, Mrs. John Bradley (Florence Briggs Thayer) | E3: female | F3: 38 | G3: 1 | H3: 0 | I3: PC 17599 | J3: 71.2833
A4: 3 | B4: 1 | C4: 3 | D4: Heikkinen, Miss. Laina | E4: female | F4: 26 | G4: 0 | H4: 0 | I4: STON/O2. 3101282 | J4: 7.925
A5: 4 | B5: 1 | C5: 1 | D5: Futrelle, Mrs. Jacques Heath (Lily May Peel) | E5: female | F5: 35 | G5: 1 | H5: 0 | I5: 113803 | J5: 53.1
A6: 5 | B6: 0 | C6: 3 | D6: Allen, Mr. William Henry | E6: male | F6: 35 | G6: 0 | H6: 0 | I6: 373450 | J6: 8.05
A7: 6 | B7: 0 | C7: 3 | D7: Moran, Mr. James | E7: male | G7: 0 | H7: 0 | I7: 330877 | J7: 8.4583
A8: 7 | B8: 0 | C8: 1 | D8: McCarthy, Mr. Timothy J | E8: male | F8: 54 | G8: 0 | H8: 0 | I8: 17463 | J8: 51.8625
A9: 8 | B9: 0 | C9: 3 | D9: Palsson, Master. Gosta Leonard | E9: male | F9: 2 | G9: 3 | H9: 1 | I9: 349909 | J9: 21.075
A10: 9 | B10: 1 | C10: 3 | D10: Johnson, Mrs. Oscar W (Elisabeth Vilhelmina Berg) | E10: female | F10: 27 | G10: 0 | H10: 2 | I10: 347742 | J10: 11.1333
A11: 10 | B11: 1 | C11: 2 | D11: Nasser, Mrs. Nicholas (Adele Achem) | E11: female | F11: 14 | G11: 1 | H11: 0 | I11: 237736 | J11: 30.0708
A12: 11 | B12: 1 | C12: 3 | D12: Sandstrom, Miss. Marguerite Rut | E12: female | F12: 4 | G12: 1 | H12: 1 | I12: PP 9549 | J12: 16.7
A13: 12 | B13: 1 | C13: 1 | D13: Bonnell, Miss. Elizabeth | E13: female | F13: 58 | G13: 0 | H13: 0 | I13: 113783 | J13: 26.55
A14: 13 | B14: 0 | C14: 3 | D14: Saundercock, Mr. William Henry | E14: male | F14: 20 | G14: 0 | H14: 0 | I14: A/5. 2151 | J14: 8.05
A15: 14 | B15: 0 | C15: 3 | D15: Andersson, Mr. Anders Johan | E15: male | F15: 39 | G15: 1 | H15: 5 | I15: 347082 | J15: 31.275
A16: 15 | B16: 0 | C16: 3 | D16: Vestrom, Miss. Hulda Amanda Adolfina | E16: female | F16: 14 | G16: 0 | H16: 0 | I16: 350406 | J16: 7.8542
A17: 16 | B17: 1 | C17: 2 | D17: Hewlett, Mrs. (Mary D Kingcome) | E17: female | F17: 55 | G17: 0 | H17: 0 | I17: 248706 | J17: 16
A18: 17 | B18: 0 | C18: 3 | D18: Rice, Master. Eugene | E18: male | F18: 2 | G18: 4 | H18: 1 | I18: 382652 | J18: 29.125
A19: 18 | B19: 1 | C19: 2 | D19: Williams, Mr. Charles Eugene | E19: male | G19: 0 | H19: 0 | I19: 244373 | J19: 13
A20: 19 | B20: 0 | C20: 3 | D20: Vander Planke, Mrs. Julius (Emelia Maria Vandemoortele) | E20: female | F20: 31 | G20: 1 | H20: 0 | I20: 345763 | J20: 18
A21: 20 | B21: 1 | C21: 3 | D21: Masselmani, Mrs. Fatima | E21: female | G21: 0 | H21: 0 | I21: 2649 | J21: 7.225
A22: 21 | B22: 0 | C22: 2 | D22: Fynney, Mr. Joseph J | E22: male | F22: 35 | G22: 0 | H22: 0 | I22: 239865 | J22: 26
A23: 22 | B23: 1 | C23: 2 | D23: Beesley, Mr. Lawrence | E23: male | F23: 34 | G23: 0 | H23: 0 | I23: 248698 | J23: 13
A24: 23 | B24: 1 | C24: 3 | D24: McGowan, Miss. Anna "Annie" | E24: female | F24: 15 | G24: 0 | H24: 0 | I24: 330923 | J24: 8.0292
A25: 24 | B25: 1 | C25: 1 | D25: Sloper, Mr. William Thompson | E25: male | F25: 28 | G25: 0 | H25: 0 | I25: 113788 | J25: 35.5
A26: 25 | B26: 0 | C26: 3 | D26: Palsson, Miss. Torborg Danira | E26: female | F26: 8 | G26: 3 | H26: 1 | I26: 349909 | J26: 21.075
A27: 26 | B27: 1 | C27: 3 | D27: Asplund, Mrs. Carl Oscar (Selma Augusta Emilia Johansson) | E27: female | F27: 38 | G27: 1 | H27: 5 | I27: 347077 | J27: 31.3875
A28: 27 | B28: 0 | C28: 3 | D28: Emir, Mr. Farred Chehab | E28: male | G28: 0 | H28: 0 | I28: 2631 | J28: 7.225
A29: 28 | B29: 0 | C29: 1 | D29: Fortune, Mr. Charles Alexander | E29: male | F29: 19 | G29: 3 | H29: 2 | I29: 19950 | J29: 263
A30: 29 | B30: 1 | C30: 3 | D30: O'Dwyer, Miss. Ellen "Nellie" | E30: female | G30: 0 | H30: 0 | I30: 330959 | J30: 7.8792
A31: 30 | B31: 0 | C31: 3 | D31: Todoroff, Mr. Lalio | E31: male | G31: 0 | H31: 0 | I31: 349216 | J31: 7.8958
A32: 31 | B32: 0 | C32: 1 | D32: Uruchurtu, Don. Manuel E | E32: male | F32: 40 | G32: 0 | H32: 0 | I32: PC 17601 | J32: 27.7208
A33: 32 | B33: 1 | C33: 1 | D33: Spencer, Mrs. William Augustus (Marie Eugenie) | E33: female | G33: 1 | H33: 0 | I33: PC 17569 | J33: 146.5208
A34: 33 | B34: 1 | C34: 3 | D34: Glynn, Miss. Mary Agatha | E34: female | G34: 0 | H34: 0 | I34: 335677 | J34: 7.75
A35: 34 | B35: 0 | C35: 2 | D35: Wheadon, Mr. Edward H | E35: male | F35: 66 | G35: 0 | H35: 0 | I35: C.A. 24579 | J35: 10.5
A36: 35 | B36: 0 | C36: 1 | D36: Meyer, Mr. Edgar Joseph | E36: male | F36: 28 | G36: 1 | H36: 0 | I36: PC 17604 | J36: 82.1708
A37: 36 | B37: 0 | C37: 1 | D37: Holverson, Mr. Alexander Oskar | E37: male | F37: 42 | G37: 1 | H37: 0 | I37: 113789 | J37: 52
A38: 37 | B38: 1 | C38: 3 | D38: Mamee, Mr. Hanna | E38: male | G38: 0 | H38: 0 | I38: 2677 | J38: 7.2292
A39: 38 | B39: 0 | C39: 3 | D39: Cann, Mr. Ernest Charles | E39: male | F39: 21 | G39: 0 | H39: 0 | I39: A./5. 2152 | J39: 8.05
A40: 39 | B40: 0 | C40: 3 | D40: Vander Planke, Miss. Augusta Maria | E40: female | F40: 18 | G40: 2 | H40: 0 | I40: 345764 | J40: 18
A41: 40 | B41: 1 | C41: 3 | D41: Nicola-Yarred, Miss. Jamila | E41: female | F41: 14 | G41: 1 | H41: 0 | I41: 2651 | J41: 11.2417
A42: 41 | B42: 0 | C42: 3 | D42: Ahlin, Mrs. Johan (Johanna Persdotter Larsson) | E42: female | F42: 40 | G42: 1 | H42: 0 | I42: 7546 | J42: 9.475
A43: 42 | B43: 0 | C43: 2 | D43: Turpin, Mrs. William John Robert (Dorothy Ann Wonnacott) | E43: female | F43: 27 | G43: 1 | H43: 0 | I43: 11668 | J43: 21
A44: 43 | B44: 0 | C44: 3 | D44: Kraeff, Mr. Theodor | E44: male | G44: 0 | H44: 0 | I44: 349253 | J44: 7.8958
A45: 44 | B45: 1 | C45: 2 | D45: Laroche, Miss. Simonne Marie Anne Andree | E45: female | F45: 3 | G45: 1 | H45: 2 | I45: SC/Paris 2123 | J45: 41.5792
A46: 45 | B46: 1 | C46: 3 | D46: Devaney, Miss. Margaret Delia | E46: female | F46: 19 | G46: 0 | H46: 0 | I46: 330958 | J46: 7.8792
A47: 46 | B47: 0 | C47: 3 | D47: Rogers, Mr. William John | E47: male | G47: 0 | H47: 0 | I47: S.C./A.4. 23567 | J47: 8.05
A48: 47 | B48: 0 | C48: 3 | D48: Lennon, Mr. Denis | E48: male | G48: 1 | H48: 0 | I48: 370371 | J48: 15.5
A49: 48 | B49: 1 | C49: 3 | D49: O'Driscoll, Miss. Bridget | E49: female | G49: 0 | H49: 0 | I49: 14311 | J49: 7.75
A50: 49 | B50: 0 | C50: 3 | D50: Samaan, Mr. Youssef | E50: male | G50: 2 | H50: 0 | I50: 2662 | J50: 21.6792
A51: 50 | B51: 0 | C51: 3 | D51: Arnold-Franchi, Mrs. Josef (Josefine Franchi) | E51: female | F51: 18 | G51: 1 | H51: 0 | I51: 349237 | J51: 17.8
A52: 51 | B52: 0 | C52: 3 | D52: Panula, Master. Juha Niilo | E52: male | F52: 7 | G52: 4 | H52: 1 | I52: 3101295 | J52: 39.6875
A53: 52 | B53: 0 | C53: 3 | D53: Nosworthy, Mr. Richard Cater | E53: male | F53: 21 | G53: 0 | H53: 0 | I53: A/4. 39886 | J53: 7.8
A54: 53 | B54: 1 | C54: 1 | D54: Harper, Mrs. Henry Sleeper (Myna Haxtun) | E54: female | F54: 49 | G54: 1 | H54: 0 | I54: PC 17572 | J54: 76.7292
A55: 54 | B55: 1 | C55: 2 | D55: Faunthorpe, Mrs. Lizzie (Elizabeth Anne Wilkinson) | E55: female | F55: 29 | G55: 1 | H55: 0 | I55: 2926 | J55: 26
A56: 55 | B56: 0 | C56: 1 | D56: Ostby, Mr. Engelhart Cornelius | E56: male | F56: 65 | G56: 0 | H56: 1 | I56: 113509 | J56: 61.9792
A57: 56 | B57: 1 | C57: 1 | D57: Woolner, Mr. Hugh | E57: male | G57: 0 | H57: 0 | I57: 19947 | J57: 35.5
A58: 57 | B58: 1 | C58: 2 | D58: Rugg, Miss. Emily | E58: female | F58: 21 | G58: 0 | H58: 0 | I58: C.A. 31026 | J58: 10.5
A59: 58 | B59: 0 | C59: 3 | D59: Novel, Mr. Mansouer | E59: male | F59: 28.5 | G59: 0 | H59: 0 | I59: 2697 | J59: 7.2292
A60: 59 | B60: 1 | C60: 2 | D60: West, Miss. Constance Mirium | E60: female | F60: 5 | G60: 1 | H60: 2 | I60: C.A. 34651 | J60: 27.75
A61: 60 | B61: 0 | C61: 3 | D61: Goodwin, Master. William Frederick | E61: male | F61: 11 | G61: 5 | H61: 2 | I61: CA 2144 | J61: 46.9
A62: 61 | B62: 0 | C62: 3 | D62: Sirayanian, Mr. Orsen | E62: male | F62: 22 | G62: 0 | H62: 0 | I62: 2669 | J62: 7.2292
A63: 62 | B63: 1 | C63: 1 | D63: Icard, Miss. Amelie | E63: female | F63: 38 | G63: 0 | H63: 0 | I63: 113572 | J63: 80
A64: 63 | B64: 0 | C64: 1 | D64: Harris, Mr. Henry Birkhardt | E64: male | F64: 45 | G64: 1 | H64: 0 | I64: 36973 | J64: 83.475
A65: 64 | B65: 0 | C65: 3 | D65: Skoog, Master. Harald | E65: male | F65: 4 | G65: 3 | H65: 2 | I65: 347088 | J65: 27.9
A66: 65 | B66: 0 | C66: 1 | D66: Stewart, Mr. Albert A | E66: male | G66: 0 | H66: 0 | I66: PC 17605 | J66: 27.7208
A67: 66 | B67: 1 | C67: 3 | D67: Moubarek, Master. Gerios | E67: male | G67: 1 | H67: 1 | I67: 2661 | J67: 15.2458
A68: 67 | B68: 1 | C68: 2 | D68: Nye, Mrs. (Elizabeth Ramell) | E68: female | F68: 29 | G68: 0 | H68: 0 | I68: C.A. 29395 | J68: 10.5
A69: 68 | B69: 0 | C69: 3 | D69: Crease, Mr. Ernest James | E69: male | F69: 19 | G69: 0 | H69: 0 | I69: S.P. 3464 | J69: 8.1583
A70: 69 | B70: 1 | C70: 3 | D70: Andersson, Miss. Erna Alexandra | E70: female | F70: 17 | G70: 4 | H70: 2 | I70: 3101281 | J70: 7.925
A71: 70 | B71: 0 | C71: 3 | D71: Kink, Mr. Vincenz | E71: male | F71: 26 | G71: 2 | H71: 0 | I71: 315151 | J71: 8.6625
A72: 71 | B72: 0 | C72: 2 | D72: Jenkin, Mr. Stephen Curnow | E72: male | F72: 32 | G72: 0 | H72: 0 | I72: C.A. 33111 | J72: 10.5
A73: 72 | B73: 0 | C73: 3 | D73: Goodwin, Miss. Lillian Amy | E73: female | F73: 16 | G73: 5 | H73: 2 | I73: CA 2144 | J73: 46.9
A74: 73 | B74: 0 | C74: 2 | D74: Hood, Mr. Ambrose Jr | E74: male | F74: 21 | G74: 0 | H74: 0 | I74: S.O.C. 14879 | J74: 73.5
A75: 74 | B75: 0 | C75: 3 | D75: Chronopoulos, Mr. Apostolos | E75: male | F75: 26 | G75: 1 | H75: 0 | I75: 2680 | J75: 14.4542
A76: 75 | B76: 1 | C76: 3 | D76: Bing, Mr. Lee | E76: male | F76: 32 | G76: 0 | H76: 0 | I76: 1601 | J76: 56.4958
A77: 76 | B77: 0 | C77: 3 | D77: Moen, Mr. Sigurd Hansen | E77: male | F77: 25 | G77: 0 | H77: 0 | I77: 348123 | J77: 7.65
A78: 77 | B78: 0 | C78: 3 | D78: Staneff, Mr. Ivan | E78: male | G78: 0 | H78: 0 | I78: 349208 | J78: 7.8958
A79: 78 | B79: 0 | C79: 3 | D79: Moutal, Mr. Rahamin Haim | E79: male | G79: 0 | H79: 0 | I79: 374746 | J79: 8.05
A80: 79 | B80: 1 | C80: 2 | D80: Caldwell, Master. Alden Gates | E80: male | F80: 0.83 | G80: 0 | H80: 2 | I80: 248738 | J80: 29
A81: 80 | B81: 1 | C81: 3 | D81: Dowdell, Miss. Elizabeth | E81: female | F81: 30 | G81: 0 | H81: 0 | I81: 364516 | J81: 12.475
A82: 81 | B82: 0 | C82: 3 | D82: Waelens, Mr. Achille | E82: male | F82: 22 | G82: 0 | H82: 0 | I82: 345767 | J82: 9
A83: 82 | B83: 1 | C83: 3 | D83: Sheerlinck, Mr. Jan Baptist | E83: male | F83: 29 | G83: 0 | H83: 0 | I83: 345779 | J83: 9.5
A84: 83 | B84: 1 | C84: 3 | D84: McDermott, Miss. Brigdet Delia | E84: female | G84: 0 | H84: 0 | I84: 330932 | J84: 7.7875
A85: 84 | B85: 0 | C85: 1 | D85: Carrau, Mr. Francisco M | E85: male | F85: 28 | G85: 0 | H85: 0 | I85: 113059 | J85: 47.1
A86: 85 | B86: 1 | C86: 2 | D86: Ilett, Miss. Bertha | E86: female | F86: 17 | G86: 0 | H86: 0 | I86: SO/C 14885 | J86: 10.5
A87: 86 | B87: 1 | C87: 3 | D87: Backstrom, Mrs. Karl Alfred (Maria Mathilda Gustafsson) | E87: female | F87: 33 | G87: 3 | H87: 0 | I87: 3101278 | J87: 15.85
A88: 87 | B88: 0 | C88: 3 | D88: Ford, Mr. William Neal | E88: male | F88: 16 | G88: 1 | H88: 3 | I88: W./C. 6608 | J88: 34.375
A89: 88 | B89: 0 | C89: 3 | D89: Slocovski, Mr. Selman Francis | E89: male | G89: 0 | H89: 0 | I89: SOTON/OQ 392086 | J89: 8.05
A90: 89 | B90: 1 | C90: 1 | D90: Fortune, Miss. Mabel Helen | E90: female | F90: 23 | G90: 3 | H90: 2 | I90: 19950 | J90: 263
A91: 90 | B91: 0 | C91: 3 | D91: Celotti, Mr. Francesco | E91: male | F91: 24 | G91: 0 | H91: 0 | I91: 343275 | J91: 8.05
A92: 91 | B92: 0 | C92: 3 | D92: Christmann, Mr. Emil | E92: male | F92: 29 | G92: 0 | H92: 0 | I92: 343276 | J92: 8.05
A93: 92 | B93: 0 | C93: 3 | D93: Andreasson, Mr. Paul Edvin | E93: male | F93: 20 | G93: 0 | H93: 0 | I93: 347466 | J93: 7.8542
A94: 93 | B94: 0 | C94: 1 | D94: Chaffee, Mr. Herbert Fuller | E94: male | F94: 46 | G94: 1 | H94: 0 | I94: W.E.P. 5734 | J94: 61.175
A95: 94 | B95: 0 | C95: 3 | D95: Dean, Mr. Bertram Frank | E95: male | F95: 26 | G95: 1 | H95: 2 | I95: C.A. 2315 | J95: 20.575
A96: 95 | B96: 0 | C96: 3 | D96: Coxon, Mr. Daniel | E96: male | F96: 59 | G96: 0 | H96: 0 | I96: 364500 | J96: 7.25
A97: 96 | B97: 0 | C97: 3 | D97: Shorney, Mr. Charles Joseph | E97: male | G97: 0 | H97: 0 | I97: 374910 | J97: 8.05
A98: 97 | B98: 0 | C98: 1 | D98: Goldschmidt, Mr. George B | E98: male | F98: 71 | G98: 0 | H98: 0 | I98: PC 17754 | J98: 34.6542
A99: 98 | B99: 1 | C99: 1 | D99: Greenfield, Mr. William Bertram | E99: male | F99: 23 | G99: 0 | H99: 1 | I99: PC 17759 | J99: 63.3583
A100: 99 | B100: 1 | C100: 2 | D100: Doling, Mrs. John T (Ada Julia Bone) | E100: female | F100: 34 | G100: 0 | H100: 1 | I100: 231919 | J100: 23
...

Sheet CleanedData
A1: PassengerId | B1: Survived | C1: Pclass | D1: Name | E1: Sex | F1: Age | G1: SibSp | H1: Parch | I1: Ticket | J1: Fare | K1: Survival Status | L1: Age Group | M1: Family Size | N1: Family Group | O1: Fare Category | P1: Passenger Class | Q1: Gender Code
A2: 1 | B2: 0 | C2: 3 | D2: Braund, Mr. Owen Harris | E2: male | F2: 22 | G2: 1 | H2: 0 | I2: A/5 21171 | J2: 7.25 | K2: =IF(B2=1, "Survived", "Died") -> Died | L2: =IF(F2<18, "Child", IF(F2<35, "Young Adult", IF(F2<60, "Adult", "Senior"))) -> Young Adult | M2: =G2+H2+1 -> 2 | N2: =IF(M2=1,"Alone",IF(M2<=4,"Small Family","Large Family")) -> Small Family | O2: =IF(J2<25, "Low Fare", IF(J2<=100, "Medium Fare", "High Fare")) -> Low Fare | P2: =IF(C2=1, "First Class", IF(C2=2, "Second Class", "Third Class")) -> Third Class | Q2: =IF(E2="male", 1, 2) -> 1
A3: 2 | B3: 1 | C3: 1 | D3: Cumings, Mrs. John Bradley (Florence Briggs Thayer) | E3: female | F3: 38 | G3: 1 | H3: 0 | I3: PC 17599 | J3: 71.2833 | K3: =IF(B3=1, "Survived", "Died") -> Survived | L3: =IF(F3<18, "Child", IF(F3<35, "Young Adult", IF(F3<60, "Adult", "Senior"))) -> Adult | M3: =G3+H3+1 -> 2 | N3: =IF(M3=1,"Alone",IF(M3<=4,"Small Family","Large Family")) -> Small Family | O3: =IF(J3<25, "Low Fare", IF(J3<=100, "Medium Fare", "High Fare")) -> Medium Fare | P3: =IF(C3=1, "First Class", IF(C3=2, "Second Class", "Third Class")) -> First Class | Q3: =IF(E3="male", 1, 2) -> 2
A4: 3 | B4: 1 | C4: 3 | D4: Heikkinen, Miss. Laina | E4: female | F4: 26 | G4: 0 | H4: 0 | I4: STON/O2. 3101282 | J4: 7.925 | K4: =IF(B4=1, "Survived", "Died") -> Survived | L4: =IF(F4<18, "Child", IF(F4<35, "Young Adult", IF(F4<60, "Adult", "Senior"))) -> Young Adult | M4: =G4+H4+1 -> 1 | N4: =IF(M4=1,"Alone",IF(M4<=4,"Small Family","Large Family")) -> Alone | O4: =IF(J4<25, "Low Fare", IF(J4<=100, "Medium Fare", "High Fare")) -> Low Fare | P4: =IF(C4=1, "First Class", IF(C4=2, "Second Class", "Third Class")) -> Third Class | Q4: =IF(E4="male", 1, 2) -> 2
A5: 4 | B5: 1 | C5: 1 | D5: Futrelle, Mrs. Jacques Heath (Lily May Peel) | E5: female | F5: 35 | G5: 1 | H5: 0 | I5: 113803 | J5: 53.1 | K5: =IF(B5=1, "Survived", "Died") -> Survived | L5: =IF(F5<18, "Child", IF(F5<35, "Young Adult", IF(F5<60, "Adult", "Senior"))) -> Adult | M5: =G5+H5+1 -> 2 | N5: =IF(M5=1,"Alone",IF(M5<=4,"Small Family","Large Family")) -> Small Family | O5: =IF(J5<25, "Low Fare", IF(J5<=100, "Medium Fare", "High Fare")) -> Medium Fare | P5: =IF(C5=1, "First Class", IF(C5=2, "Second Class", "Third Class")) -> First Class | Q5: =IF(E5="male", 1, 2) -> 2
A6: 5 | B6: 0 | C6: 3 | D6: Allen, Mr. William Henry | E6: male | F6: 35 | G6: 0 | H6: 0 | I6: 373450 | J6: 8.05 | K6: =IF(B6=1, "Survived", "Died") -> Died | L6: =IF(F6<18, "Child", IF(F6<35, "Young Adult", IF(F6<60, "Adult", "Senior"))) -> Adult | M6: =G6+H6+1 -> 1 | N6: =IF(M6=1,"Alone",IF(M6<=4,"Small Family","Large Family")) -> Alone | O6: =IF(J6<25, "Low Fare", IF(J6<=100, "Medium Fare", "High Fare")) -> Low Fare | P6: =IF(C6=1, "First Class", IF(C6=2, "Second Class", "Third Class")) -> Third Class | Q6: =IF(E6="male", 1, 2) -> 1
A7: 6 | B7: 0 | C7: 3 | D7: Moran, Mr. James | E7: male | F7: 26 | G7: 0 | H7: 0 | I7: 330877 | J7: 8.4583 | K7: =IF(B7=1, "Survived", "Died") -> Died | L7: =IF(F7<18, "Child", IF(F7<35, "Young Adult", IF(F7<60, "Adult", "Senior"))) -> Young Adult | M7: =G7+H7+1 -> 1 | N7: =IF(M7=1,"Alone",IF(M7<=4,"Small Family","Large Family")) -> Alone | O7: =IF(J7<25, "Low Fare", IF(J7<=100, "Medium Fare", "High Fare")) -> Low Fare | P7: =IF(C7=1, "First Class", IF(C7=2, "Second Class", "Third Class")) -> Third Class | Q7: =IF(E7="male", 1, 2) -> 1
A8: 7 | B8: 0 | C8: 1 | D8: McCarthy, Mr. Timothy J | E8: male | F8: 54 | G8: 0 | H8: 0 | I8: 17463 | J8: 51.8625 | K8: =IF(B8=1, "Survived", "Died") -> Died | L8: =IF(F8<18, "Child", IF(F8<35, "Young Adult", IF(F8<60, "Adult", "Senior"))) -> Adult | M8: =G8+H8+1 -> 1 | N8: =IF(M8=1,"Alone",IF(M8<=4,"Small Family","Large Family")) -> Alone | O8: =IF(J8<25, "Low Fare", IF(J8<=100, "Medium Fare", "High Fare")) -> Medium Fare | P8: =IF(C8=1, "First Class", IF(C8=2, "Second Class", "Third Class")) -> First Class | Q8: =IF(E8="male", 1, 2) -> 1
A9: 8 | B9: 0 | C9: 3 | D9: Palsson, Master. Gosta Leonard | E9: male | F9: 2 | G9: 3 | H9: 1 | I9: 349909 | J9: 21.075 | K9: =IF(B9=1, "Survived", "Died") -> Died | L9: =IF(F9<18, "Child", IF(F9<35, "Young Adult", IF(F9<60, "Adult", "Senior"))) -> Child | M9: =G9+H9+1 -> 5 | N9: =IF(M9=1,"Alone",IF(M9<=4,"Small Family","Large Family")) -> Large Family | O9: =IF(J9<25, "Low Fare", IF(J9<=100, "Medium Fare", "High Fare")) -> Low Fare | P9: =IF(C9=1, "First Class", IF(C9=2, "Second Class", "Third Class")) -> Third Class | Q9: =IF(E9="male", 1, 2) -> 1
A10: 9 | B10: 1 | C10: 3 | D10: Johnson, Mrs. Oscar W (Elisabeth Vilhelmina Berg) | E10: female | F10: 27 | G10: 0 | H10: 2 | I10: 347742 | J10: 11.1333 | K10: =IF(B10=1, "Survived", "Died") -> Survived | L10: =IF(F10<18, "Child", IF(F10<35, "Young Adult", IF(F10<60, "Adult", "Senior"))) -> Young Adult | M10: =G10+H10+1 -> 3 | N10: =IF(M10=1,"Alone",IF(M10<=4,"Small Family","Large Family")) -> Small Family | O10: =IF(J10<25, "Low Fare", IF(J10<=100, "Medium Fare", "High Fare")) -> Low Fare | P10: =IF(C10=1, "First Class", IF(C10=2, "Second Class", "Third Class")) -> Third Class | Q10: =IF(E10="male", 1, 2) -> 2
A11: 10 | B11: 1 | C11: 2 | D11: Nasser, Mrs. Nicholas (Adele Achem) | E11: female | F11: 14 | G11: 1 | H11: 0 | I11: 237736 | J11: 30.0708 | K11: =IF(B11=1, "Survived", "Died") -> Survived | L11: =IF(F11<18, "Child", IF(F11<35, "Young Adult", IF(F11<60, "Adult", "Senior"))) -> Child | M11: =G11+H11+1 -> 2 | N11: =IF(M11=1,"Alone",IF(M11<=4,"Small Family","Large Family")) -> Small Family | O11: =IF(J11<25, "Low Fare", IF(J11<=100, "Medium Fare", "High Fare")) -> Medium Fare | P11: =IF(C11=1, "First Class", IF(C11=2, "Second Class", "Third Class")) -> Second Class | Q11: =IF(E11="male", 1, 2) -> 2
A12: 11 | B12: 1 | C12: 3 | D12: Sandstrom, Miss. Marguerite Rut | E12: female | F12: 4 | G12: 1 | H12: 1 | I12: PP 9549 | J12: 16.7 | K12: =IF(B12=1, "Survived", "Died") -> Survived | L12: =IF(F12<18, "Child", IF(F12<35, "Young Adult", IF(F12<60, "Adult", "Senior"))) -> Child | M12: =G12+H12+1 -> 3 | N12: =IF(M12=1,"Alone",IF(M12<=4,"Small Family","Large Family")) -> Small Family | O12: =IF(J12<25, "Low Fare", IF(J12<=100, "Medium Fare", "High Fare")) -> Low Fare | P12: =IF(C12=1, "First Class", IF(C12=2, "Second Class", "Third Class")) -> Third Class | Q12: =IF(E12="male", 1, 2) -> 2
A13: 12 | B13: 1 | C13: 1 | D13: Bonnell, Miss. Elizabeth | E13: female | F13: 58 | G13: 0 | H13: 0 | I13: 113783 | J13: 26.55 | K13: =IF(B13=1, "Survived", "Died") -> Survived | L13: =IF(F13<18, "Child", IF(F13<35, "Young Adult", IF(F13<60, "Adult", "Senior"))) -> Adult | M13: =G13+H13+1 -> 1 | N13: =IF(M13=1,"Alone",IF(M13<=4,"Small Family","Large Family")) -> Alone | O13: =IF(J13<25, "Low Fare", IF(J13<=100, "Medium Fare", "High Fare")) -> Medium Fare | P13: =IF(C13=1, "First Class", IF(C13=2, "Second Class", "Third Class")) -> First Class | Q13: =IF(E13="male", 1, 2) -> 2
... A892: 891 | B892: 0 | C892: 3 | D892: Dooley, Mr. Patrick | E892: male | F892: 32 | G892: 0 | H892: 0 | I892: 370376 | J892: 7.75 | K892: =IF(B892=1, "Survived", "Died") -> Died | L892: =IF(F892<18, "Child", IF(F892<35, "Young Adult", IF(F892<60, "Adult", "Senior"))) -> Young Adult | M892: =G892+H892+1 -> 1 | N892: =IF(M892=1,"Alone",IF(M892<=4,"Small Family","Large Family")) -> Alone | O892: =IF(J892<25, "Low Fare", IF(J892<=100, "Medium Fare", "High Fare")) -> Low Fare | P892: =IF(C892=1, "First Class", IF(C892=2, "Second Class", "Third Class")) -> Third Class | Q892: =IF(E892="male", 1, 2) -> 1

Sheet Statistics
A1: Section A. Dataset Statistics | D1: Section B. Descriptive Statistics
A2: KPI | B2: Formula | D2: Statistic | E2: Age | F2: Fare
A3: Total Passengers | B3: =COUNTA(CleanedData!A2:A892) -> 891 | D3: Mean | E3: =AVERAGE(CleanedData!F:F) -> 28.964276 | F3: =AVERAGE(CleanedData!J:J) -> 32.204208
A4: Survivors | B4: =COUNTIF(CleanedData!B:B,1) -> 342 | D4: Median | E4: =MEDIAN(CleanedData!F:F) -> 26 | F4: =MEDIAN(CleanedData!J:J) -> 14.4542
A5: Deaths | B5: =COUNTIF(CleanedData!B:B,0) -> 549 | D5: Minimum | E5: =MIN(CleanedData!F:F) -> 0.42 | F5: =MIN(CleanedData!J:J) -> 0
A6: Survival Rate | B6: =B4/B3 -> 0.38383838 | D6: Maximum | E6: =MAX(CleanedData!F:F) -> 80 | F6: =MAX(CleanedData!J:J) -> 512.3292
A7: Average Age | B7: =AVERAGE(CleanedData!F:F) -> 28.964276 | D7: Standard Deviation | E7: =_xlfn.STDEV.S(CleanedData!F:F) -> 13.085607 | F7: =_xlfn.STDEV.S(CleanedData!J:J) -> 49.693429
A8: Average Fare | B8: =AVERAGE(CleanedData!J:J) -> 32.204208
A9: Average Family Size | B9: =AVERAGE(CleanedData!M:M) -> 1.9046016
A10: Male Passengers | B10: =COUNTIF(CleanedData!Q:Q,1) -> 577
A11: Female Passengers | B11: =COUNTIF(CleanedData!Q:Q,2) -> 314

Sheet PivotTables
A3: Survival Status | B3: Passengers
A4: Died | B4: 549
A5: Survived | B5: 342
A6: Grand Total | B6: 891
A9: Passengers | B9: Survival Status
A10: Sex | B10: Died | C10: Survived | D10: Grand Total
A11: female | B11: 81 | C11: 233 | D11: 314
A12: male | B12: 468 | C12: 109 | D12: 577
A13: Grand Total | B13: 549 | C13: 342 | D13: 891
A16: Passengers | B16: Survival Status
A17: Passenger Class | B17: Died | C17: Survived | D17: Grand Total
A18: First Class | B18: 80 | C18: 136 | D18: 216
A19: Second Class | B19: 97 | C19: 87 | D19: 184
A20: Third Class | B20: 372 | C20: 119 | D20: 491
A21: Grand Total | B21: 549 | C21: 342 | D21: 891
A24: Passengers | B24: Survival Status
A25: Age Group | B25: Died | C25: Survived | D25: Grand Total
A26: Adult | B26: 122 | C26: 87 | D26: 209
A27: Child | B27: 52 | C27: 61 | D27: 113
A28: Senior | B28: 19 | C28: 7 | D28: 26
A29: Young Adult | B29: 356 | C29: 187 | D29: 543
A30: Grand Total | B30: 549 | C30: 342 | D30: 891
A33: Passengers | B33: Survival Status
A34: Family Group | B34: Died | C34: Survived | D34: Grand Total
A35: Alone | B35: 374 | C35: 163 | D35: 537
A36: Large Family | B36: 52 | C36: 10 | D36: 62
A37: Small Family | B37: 123 | C37: 169 | D37: 292
A38: Grand Total | B38: 549 | C38: 342 | D38: 891
A41: Passengers | B41: Survival Status
A42: Fare Category | B42: Died | C42: Survived | D42: Grand Total
A43: High Fare | B43: 14 | C43: 39 | D43: 53
A44: Low Fare | B44: 397 | C44: 160 | D44: 557
A45: Medium Fare | B45: 138 | C45: 143 | D45: 281
A46: Grand Total | B46: 549 | C46: 342 | D46: 891

Sheet Dashboard
B1: Titanic Survival Analysis Dashboard
B3: =Statistics!B3 -> 891 | E3: =Statistics!B4 -> 342 | H3: =Statistics!B5 -> 549 | K3: =Statistics!B6 -> 0.38383838 | N3: =Statistics!B7 -> 28.964276 | Q3: =Statistics!B8 -> 32.204208
B6: Total Passengers | E6: Survivors | H6: Deaths | K6: Survival Rate | N6: Average Age | Q6: Average Fare
